hour,t
0,10.417311111111111
1,10.0857
2,9.80708888888889
3,9.546188888888889
4,9.302
5,9.097244444444444
6,9.5078
7,11.54401111111111
8,13.85291111111111
9,16.084488888888888
10,17.806555555555555
11,18.91861111111111
12,19.428733333333334
13,19.410155555555555
14,18.93158888888889
15,18.1066
16,17.028444444444442
17,15.674044444444444
18,13.759455555555556
19,12.564711111111112
20,12.025277777777779
21,11.560533333333334
22,11.154444444444444
23,10.767855555555554
