hour,t
0,7.0803586956521745
1,6.611445652173914
2,6.1365
3,5.680282608695652
4,5.249173913043478
5,4.8830217391304345
6,4.61254347826087
7,6.946271739130435
8,10.77313043478261
9,14.607804347826086
10,17.37304347826087
11,19.215902173913044
12,20.253652173913043
13,20.58358695652174
14,20.225902173913042
15,19.242304347826085
16,17.61757608695652
17,14.92841304347826
18,11.588684782608697
19,10.278173913043478
20,9.420532608695652
21,8.72854347826087
22,8.089326086956522
23,7.572423913043479
