hour,t
0,5.9146847826086955
1,5.499804347826086
2,5.135217391304348
3,4.743695652173913
4,4.382804347826087
5,4.071989130434782
6,4.279065217391304
7,6.169445652173914
8,8.769315217391306
9,11.283630434782609
10,13.18175
11,14.319576086956522
12,14.791304347826086
13,14.713902173913045
14,14.231152173913044
15,13.337
16,12.107847826086957
17,10.619782608695653
18,8.853228260869566
19,7.517228260869565
20,7.211054347826087
21,6.9954347826086964
22,6.702641304347827
23,6.307923913043478
